fname,lname,email
Kristen,Mcdaniel,philip95@example.net
Carol,Peterson,fsosa@example.net
Shelby,Horn,ehuynh@example.net
Katrina,Fritz,michele36@example.com
Kathleen,Rosales,tortiz@example.net
Alicia,Hines,latoyacampbell@example.net
Michelle,Green,william59@example.net
Gerald,Dominguez,deanamber@example.net
Kurt,Mccarthy,robertlopez@example.com
Lisa,Walker,taylorcatherine@example.net
Richard,Miller,blanchardwilliam@example.com
Louis,Gordon,rebeccamartinez@example.org
Rachel,Kramer,nicholashood@example.com
Wendy,Mahoney,stricklandtimothy@example.com
Kayla,Silva,sellis@example.com
Jennifer,Cummings,andrea98@example.org
Adriana,Johnston,harrisconnor@example.org
Mindy,Higgins,qwilliams@example.org
Rachael,Avila,riverabrianna@example.net
April,Gibson,karenrobertson@example.com
Candace,Williams,pfowler@example.net
Sydney,Hernandez,ernest98@example.net
Karen,Schwartz,kingkristen@example.com
Erik,Taylor,bookerjessica@example.net
Tammy,Rivera,samantha15@example.com
Ashley,Vasquez,colemanmark@example.com
Tammy,Peterson,anthonylowery@example.net
Jason,Campos,joseph40@example.com
Brandon,Williams,jesus49@example.org
Michael,Price,jonathandavidson@example.net
Michael,Schwartz,csanchez@example.org
Sarah,Long,michael57@example.org
Randy,Lee,edward96@example.net
Katherine,Dawson,robertrusso@example.org
Ricky,Holmes,sarah92@example.org
Dennis,Crosby,goodwilliam@example.net
Keith,Gallegos,kylejones@example.org
Craig,Pearson,ocastro@example.org
Kayla,Mcdaniel,smithkaren@example.net
Timothy,Thomas,diazjesus@example.com
Marie,Reyes,turnerryan@example.net
Charles,Hogan,arichardson@example.net
Jared,Tyler,mark59@example.net
Lisa,Lynch,bjarvis@example.net
Mark,Stevens,jacqueline40@example.org
Bryan,Ortiz,smithmargaret@example.org
James,Bowers,michelle90@example.net
Charles,Walker,cooleytimothy@example.com
Laura,Lindsey,rosserin@example.com
Nicholas,Rodriguez,staciehughes@example.org
Joseph,Smith,mary22@example.org
Maria,Tran,umathews@example.com
Sylvia,Alvarado,cynthiaanderson@example.net
Keith,Hughes,howardkenneth@example.com
Shannon,Hill,garyrivera@example.com
Erin,Burke,edwardscynthia@example.net
Tammie,Oconnor,moodymichelle@example.com
Daniel,Valentine,rhondacarr@example.org
Jessica,Williams,lamelizabeth@example.org
Timothy,Lopez,bhudson@example.org
Vanessa,Stephens,richardsmith@example.org
Justin,Jacobson,christopherrogers@example.com
Christian,Jordan,egutierrez@example.com
Lisa,Sanchez,andrew53@example.org
Jacqueline,Todd,sarah82@example.org
Jason,Ingram,kdavis@example.net
Stephen,Hernandez,lambertkristen@example.com
Laura,Duran,katherinewright@example.org
Ashley,Weber,joshua64@example.org
Joshua,Carpenter,michael12@example.org
Stephanie,Hall,deborahrussell@example.org
John,Washington,burnsaaron@example.net
Carrie,Carpenter,harriskevin@example.org
Jorge,Fleming,kristylee@example.org
Amanda,White,marylopez@example.net
Rebecca,Barnes,alexa30@example.net
Jesus,Parrish,marycombs@example.org
Kevin,Lopez,oolsen@example.net
Melissa,Maldonado,ryan75@example.com
Karen,Anderson,kathryn44@example.com
Leah,Burns,tpatel@example.net
Lance,Cooper,watsonjulie@example.net
Paul,Woods,bethanybrown@example.com
Kathy,Diaz,athomas@example.com
Kenneth,Reynolds,nicholas63@example.org
William,Martinez,vanessagonzalez@example.com
Jessica,Miller,luis05@example.org
Jennifer,Jones,denise03@example.org
April,Pierce,agutierrez@example.com
Bonnie,Goodman,angelsawyer@example.org
Brooke,Small,oscar65@example.org
Jason,Harris,shelia54@example.net
Charles,Davis,ojackson@example.com
Matthew,Bell,williamnash@example.com
James,Baker,wrightallen@example.org
Andre,Juarez,shawnmcintosh@example.com
Marissa,Joseph,samanthameyers@example.org
James,Evans,randallpamela@example.org
Tom,Berg,kingjennifer@example.net
David,Butler,kristen71@example.org
